School,Applications,Acceptances,Waitlists,Rejections,AcceptedSATAvg,WaitlistedSATAvg,RejectedSATAvg,AcceptedECAvg,WaitlistedECAvg,RejectedECAvg,AcceptedEssayAvg,WaitlistedEssayAvg,RejectedEssayAvg,COR-SAT-EC,COR-SAT-ESSAY,COR-SAT-Decision,COR-EC-Decision,COR-EC-ESSAY,COR-ESSAY-Decision,pval-Gender,pval-Race,pval-Residence,pval-Income,pval-School Type,pval-Hooks,pval-Major,RF_Accuracy,IMP-SAT,IMP-ESSAY-LOR-INTERVIEW,IMP-Residence,IMP-EC-AWARDS,IMP-Major,IMP-Gender,IMP-Hooks,IMP-Income,IMP-School Type,IMP-Race
UCLA,530,136,139,255,1497.7941176470588,1516.978417266187,1489.0588235294117,6.2536764705882355,6.2539568345323735,5.850980392156862,5.018014705882353,5.1000000000000005,4.8854901960784325,0.3646455882537668,0.07847714868541199,-0.05789404268482851,-0.09604300747373858,0.16615820595534977,-0.030027048629528135,{0.17347857919743745},{0.7186090880560159},{0.4712126148526475},{0.8890043079246538},{0.33903650126502116},{0.4213690400108201},{0.11917239950270872},0.4339622641509434,0.18442812266940767,0.16475924487473861,0.11267897267138949,0.12858768524249656,0.12630799857209798,0.05194233976227802,0.05359453596925911,0.06303078526074894,0.05746569669875708,0.057204618278826676
HARVARD,506,67,77,362,1520.2985074626865,1538.1818181818182,1517.8729281767955,7.037313432835821,6.597402597402597,6.28232044198895,5.708955223880597,5.6103896103896105,5.3348066298342545,0.1963560168084655,0.08916340116279853,-0.04537340962064033,-0.1455952357175459,0.06866930583986956,-0.06797898938022086,{0.5381453938691496},{0.05055003905776786},{0.011441967162762726},{0.375441627311968},{0.8912675965555017},{0.015057192373553827},{0.6264421115451353},0.6764705882352942,0.1566182161811304,0.16247281660678808,0.16593390712454997,0.11760070292795172,0.10925803188709826,0.049675613733657614,0.06657668308476379,0.05352786322850719,0.04877480766179019,0.06956135756376279
YALE,489,87,34,368,1514.4827586206898,1535.8823529411766,1514.6467391304348,6.833333333333333,6.823529411764706,6.213315217391305,5.37816091954023,5.5,5.454891304347826,0.2087336966175708,0.12894273783639734,-0.013379722939731267,-0.1507775526976964,0.0769687727963797,0.011447975267919793,{0.0034708386085071344},{0.15507107919903979},{0.9981974135424317},{0.30724276608820605},{0.3447113188617562},{0.004352900644245513},{0.9918697792801817},0.5918367346938775,0.15783192606444904,0.14636360159573744,0.14467627014658632,0.11545241209581998,0.10905116567755761,0.048207781493506574,0.09399644750832968,0.05382531348796927,0.06927574922994409,0.06131933270010018
STANFORD,534,69,22,443,1526.5217391304348,1500.4545454545455,1520.0677200902935,6.681159420289855,7.045454545454546,6.418735891647856,5.428985507246377,4.690909090909091,5.207900677200903,0.2664273184871614,0.071240886164052,-0.017796307437665887,-0.0637876502498174,0.038231748253784725,-0.022819327393398304,{0.008791793880671736},{0.2644214871220135},{0.6539058331344072},{0.899696752128271},{0.9834656421660932},{0.023060097662893176},{0.5990256483325999},0.8037383177570093,0.17590136058867217,0.1585382220642604,0.1343992956880738,0.1085872194409642,0.1056263614577468,0.05969398042269614,0.07690646428424974,0.06292270999295897,0.052197672131388616,0.06522671392898922
NORTHWESTERN,417,89,56,272,1513.0337078651685,1538.9285714285713,1510.9191176470588,6.426966292134831,6.1875,6.258088235294117,5.493258426966292,5.2625,5.38125,0.1549175582005671,0.02802266963741219,-0.040186557677325464,-0.03636741542936512,0.15352453022720045,-0.015975368389731837,{0.7437779455117788},{1.9585648286494958e-05},{0.07110811431944784},{0.995453983310554},{0.26198456948174825},{0.00015184857523332105},{0.030056908411837287},0.42857142857142855,0.16377730787176112,0.15238201244853533,0.13221938657564905,0.11347673000443886,0.1306808065140783,0.04114894543991684,0.07474533215337197,0.06425400042789452,0.06954392515911939,0.05777155340523447
COLUMBIA,519,112,93,314,1515.625,1525.0537634408602,1503.0891719745223,6.683035714285714,6.675268817204301,6.1439490445859875,5.1169642857142845,5.325806451612904,5.523885350318471,0.2841994509081339,0.03337021155386921,-0.08407259785682382,-0.14042930908387277,0.05490213261991853,0.07663923795668526,{0.37021041566748714},{0.10157324701113779},{0.7888897908577736},{0.9910196215965107},{0.36071421969731476},{0.031193940017445118},{0.5123200494329931},0.5384615384615384,0.16315229831772146,0.15531360279394352,0.15800380686061014,0.11522035859451789,0.10514433063022986,0.05479010156874741,0.06876554121958162,0.05404538555609608,0.06407642720931458,0.061488147249237526
CORNELL,585,153,105,327,1509.8039215686274,1533.904761904762,1502.3853211009175,6.227450980392157,6.616190476190477,6.17125382262997,5.356209150326797,5.380952380952381,5.3336391437308865,0.21427256513543885,0.010086687092167734,-0.06563513884536948,-0.027781486259813505,0.08909468286360554,-0.005700842512681605,{0.4432628106323325},{0.2362571009817749},{0.07575046814372506},{0.19396649003660027},{0.18940847178854656},{0.02074327984257632},{0.5912433288229946},0.4444444444444444,0.17514000651164593,0.15438516218376508,0.15457041527175594,0.11793734413546947,0.11287203438027123,0.0529365882986435,0.06287563312435246,0.05738468237312224,0.05704522372010599,0.05485291000086824
BERKELEY,473,143,60,270,1496.8531468531469,1511.8333333333333,1502.111111111111,6.410489510489511,6.308333333333334,6.062962962962963,5.0650349650349655,5.301666666666666,5.029259259259259,0.35382783504013915,0.04142730612234551,0.0210493988714428,-0.08613286109035607,0.14030960933343217,-0.012049335576970698,{0.3161865360675264},{0.175244802919885},{0.1412438154655735},{0.18398544007280873},{0.28725058551419175},{0.21269387876224108},{0.9676519379205017},0.5684210526315789,0.18412078965480702,0.16777414019944045,0.12935695588388374,0.12233650805599755,0.10262822569914767,0.05442807394206346,0.05688550197633414,0.06776402095986245,0.05767033438520467,0.057035449243258776
DUKE,396,100,49,247,1524.8,1532.0408163265306,1508.7854251012145,6.87,6.622448979591836,6.082995951417004,5.009,4.755102040816326,5.348178137651822,0.2473992598816822,0.047990884714156905,-0.09791700002515862,-0.19777398853028869,0.09382677265514192,0.08241538046821545,{0.7643337267263675},{0.018247506063465965},{0.6782727670337418},{0.6389354894141412},{0.14087563267398837},{0.05520457890269509},{0.08222414827236758},0.55,0.172502748787111,0.15399348592829482,0.14884986615480583,0.11918985116463797,0.10949004730319231,0.04326707436075966,0.0772177438802468,0.057373017472365305,0.05457515899906741,0.06354100594951892
PRINCETON,424,77,42,305,1522.2077922077922,1528.5714285714287,1519.4754098360656,7.038961038961039,7.0,6.327868852459017,5.3428571428571425,5.590476190476191,5.4121311475409835,0.2512753220969463,0.037190099790088894,-0.021449175485415084,-0.18197060546713198,0.04391555817220294,0.005876646607047485,{0.22733584043559954},{3.8133095147634786e-06},{0.8710401964653499},{0.7133243433564815},{0.9879794297744712},{0.000289551471247682},{0.5583682269097164},0.611764705882353,0.15599361562937283,0.16959188274528617,0.13996107170092148,0.12207547185238156,0.10280091329879681,0.047418591602492406,0.0885795017557523,0.057641400180364365,0.053121676733378476,0.06281587450125362
UCSD,280,147,68,65,1490.3401360544217,1493.0882352941176,1492.3076923076924,5.989795918367347,5.732352941176471,5.884615384615385,4.998979591836734,5.1911764705882355,5.113846153846154,0.3306800174818846,0.00414556854556104,0.009888619880678368,-0.03366817225843274,0.14884907522130955,0.027992153195018667,{0.3659323590071686},{0.2433363078892747},{0.5546351185246339},{0.5329736156009832},{0.23216382275028927},{0.801304184036346},{0.31912122018515837},0.44642857142857145,0.1872350813613381,0.16386581889493582,0.10840303843320762,0.14525458834187768,0.10429595444095557,0.061560459833743614,0.04613267472081039,0.06626123869927826,0.06454731406859067,0.052443831205262276
MIT,347,100,24,223,1510.4,1528.75,1525.1569506726457,6.175,6.833333333333333,6.348878923766816,5.311000000000002,5.741666666666666,5.299775784753364,0.24884136806301888,0.13264154964069588,0.08358927917110676,0.034627406148394255,0.12186373906826245,-0.007881337501883499,{0.000849948750527112},{0.013688675471588729},{0.41942718038362914},{0.1318313433387792},{0.5016952681998704},{0.00010788349169325996},{0.034923169992693216},0.5142857142857142,0.16772474290191824,0.15821663760207505,0.12336887169151409,0.10863332754614402,0.10474678868381382,0.07942655507147264,0.07760876288395191,0.07017356009105638,0.059379421877336046,0.050721331650717766
CALTECH,166,28,9,129,1534.2857142857142,1520.0,1525.6589147286822,6.517857142857143,7.333333333333333,6.7015503875969,4.539285714285714,5.466666666666667,5.235271317829457,0.2890572220576006,-0.05172759140499127,-0.04222898081931495,0.024347064686904823,0.033052423597716464,0.10250849061744223,{0.512672293337369},{0.7819618718501553},{0.32061747448490474},{0.2710093200395084},{0.9481204895306119},{0.00027779131619236396},{0.726456274246492},0.6764705882352942,0.158998918543402,0.15676568544090466,0.15474880404386582,0.11731644649392914,0.07342683722459177,0.08116697180421882,0.09257366867831711,0.06904323917057842,0.04363843927983202,0.05232098932036029
GEORGIA TECH,317,129,58,130,1532.8682170542636,1522.7586206896551,1501.076923076923,6.541085271317829,6.18448275862069,5.446153846153846,5.1790697674418595,4.904310344827586,4.977692307692307,0.2761643518458205,-0.013391341269077406,-0.22079114888749735,-0.24765234746760714,0.07195680540117311,-0.04316299727698011,{0.38550066593480803},{0.134621060055381},{0.5164732843018904},{0.10679903699530194},{0.5105320664753038},{0.11196423232087041},{0.6464760692681109},0.53125,0.17791040027739705,0.158738100228338,0.16060761012301225,0.14622855622016118,0.07535042149491615,0.036285178250830136,0.05873949447026001,0.07236111296221154,0.06313655136927622,0.05064257460359748
JOHNS HOPKINS,208,54,36,118,1493.3333333333333,1521.388888888889,1498.6440677966102,6.101851851851852,6.027777777777778,6.3008474576271185,5.720370370370372,5.388888888888889,5.117796610169492,0.2792968608806021,-0.020587449759686852,0.007523244451176703,0.06172660057184504,0.036201268192949755,-0.11695763905319963,{0.5177989438125821},{0.0037058799775215503},{0.14265289923601218},{0.06402376416185931},{0.3820194867152279},{0.01875461478842874},{0.41201625699172045},0.5,0.14936993845500382,0.1561964474042513,0.14067069333893625,0.11630437663849069,0.10927329227974003,0.04534433799134721,0.08186786183529773,0.050561442785026396,0.06351616105879007,0.0868954482131165
SWARTHMORE,135,29,31,75,1512.4137931034484,1510.3225806451612,1511.2,6.086206896551724,5.967741935483871,5.846666666666667,4.710344827586207,5.348387096774193,5.6306666666666665,0.06461183194910802,0.24538730345166745,-0.005174140398288203,-0.048853598281566754,0.05242086911182265,0.1542900742582172,{0.8552949289024405},{0.12551188920049783},{0.1935573608198861},{0.08194126407517915},{0.8600665342880951},{0.10463581172802706},{0.2308938271150966},0.48148148148148145,0.14790161769665,0.14344510488207388,0.1572376992258552,0.11539218147768313,0.12414060301394221,0.05281190249838613,0.07165998955214224,0.07137926927921347,0.0460685805570945,0.06996305181695935
DARTMOUTH,257,52,49,156,1517.3076923076924,1528.7755102040817,1497.371794871795,6.730769230769231,6.683673469387755,6.16474358974359,5.200000000000001,5.683673469387755,5.556410256410256,0.31175167334063475,0.010289306205186416,-0.12019693383498435,-0.14755073155588214,0.09298520369964063,0.05256323894587407,{0.7433565946586942},{0.010020580337750152},{0.7603688696718137},{0.37591270718624525},{0.701123290852987},{0.0950403766116608},{0.07727372284125077},0.4807692307692308,0.1844871741342754,0.14683485662389711,0.13965643156555307,0.10220408529050763,0.13389079211052077,0.04092602268530484,0.07161253411763534,0.05452374967944041,0.060570646470170374,0.06529370732269515
CMU,340,85,122,133,1516.4705882352941,1531.3934426229507,1500.6015037593984,6.517647058823529,6.497540983606558,6.056390977443609,5.279999999999999,5.4143442622950815,5.0248120300751875,0.22447892364791278,-0.028426457995716806,-0.10289606563999326,-0.11923133345449154,0.14194498258025062,-0.056731940660953994,{0.005267443716333508},{0.08655180052291762},{0.710223649390302},{0.7300351347745888},{0.2060307004048253},{0.024507332106505506},{0.023876328825588027},0.4852941176470588,0.1711507306437342,0.16021214887362017,0.14982716407692917,0.1391907883376073,0.09907721747631677,0.051004225868641215,0.04916065866856749,0.06216575243969777,0.06725341683548007,0.0509578967794058
PURDUE,270,184,24,62,1507.9891304347825,1508.75,1484.516129032258,6.273369565217391,6.508333333333333,5.387096774193548,5.07391304347826,5.070833333333333,4.85,0.2307691782583986,-0.06084831039358875,-0.1192520191797578,-0.17754417427096897,0.2047728488463947,-0.0403079388286945,{0.06443423173922913},{0.5631073693431816},{0.15434528684715923},{0.8767939577208642},{0.8596717041432773},{0.05654187532973343},{0.5745032196104803},0.6666666666666666,0.18441624646287524,0.16393972733369466,0.1521472019704394,0.16629902970779598,0.07512530205760487,0.049121676584955684,0.042746337434182734,0.06235045122729248,0.059993848219397385,0.04386017900176148
RICE,252,72,65,115,1521.5277777777778,1511.8461538461538,1505.4782608695652,6.493055555555555,6.249230769230769,6.046086956521739,5.1194444444444445,5.344615384615384,5.4513043478260865,0.3385137450943961,0.13159752717116474,-0.09749455781574407,-0.10632253132154652,0.15522577989181607,0.06776767670695451,{0.28681005121418746},{0.602974582875021},{0.266821958316695},{0.6252427364138144},{0.14700453262822288},{0.17850194104163972},{0.19428662572456834},0.39215686274509803,0.16450486566959374,0.14439809199690373,0.17157516366967826,0.11635364389155844,0.1035815038415194,0.045017976352319834,0.05911160904145882,0.06747825803995891,0.06551990301681956,0.06245898448018943
POMONA,130,51,26,53,1460.5882352941176,1474.2307692307693,1498.1132075471698,5.549019607843137,5.711538461538462,5.613207547169812,4.870588235294117,5.615384615384615,5.128301886792453,0.3062123118877273,0.22985352513369875,0.15513616067232586,0.015118470614813419,0.15806741534657887,0.051280744513969946,{0.2339012121916239},{0.10986248014715969},{0.06728561765664257},{0.36169103604157476},{0.12684451026491564},{0.4182026450269101},{0.9377710270464708},0.38461538461538464,0.16168655450684744,0.14311549593581407,0.15032559295752648,0.11131846690397781,0.12342537455128214,0.05651865829209869,0.061315906375740456,0.07315781451220761,0.06630969637426334,0.05282643959024189
WILLIAMS,145,45,36,64,1519.3333333333333,1490.5555555555557,1500.0,6.722222222222222,5.763888888888889,5.6875,5.324444444444444,5.763888888888889,5.2109375,0.21356091664752705,0.038943088296888514,-0.09389050063391849,-0.2200008065818373,0.09689088929664325,-0.03023089613742852,{0.5865521022916388},{0.3985954079784134},{0.30040249249560674},{0.992175272175114},{0.4054673520059104},{0.7113955453093767},{0.14448618924184442},0.5172413793103449,0.15895426409065957,0.1481278258725848,0.15718631602048339,0.13248018106695816,0.13255108199612536,0.036805743556389124,0.06503641031489421,0.058017988084464844,0.062206047353107745,0.048634141644332836
VANDERBILT,274,61,81,132,1519.5081967213114,1537.1604938271605,1503.7878787878788,6.573770491803279,6.191358024691358,6.109848484848484,5.129508196721311,5.274074074074075,5.494696969696969,0.15101278707641871,0.011675561219401819,-0.12189062901501126,-0.09647641608660062,0.13053866453130486,0.06901999861967631,{0.8073267411617788},{0.026612112768505104},{0.24486530664539669},{0.6317101537612064},{0.39245455714283567},{0.26749311742156173},{0.5096401973900604},0.509090909090909,0.1789459486705841,0.15022771258992715,0.1465506752298819,0.13068129727568772,0.11110579782348734,0.04300864716669376,0.05359633719944673,0.06036761009956068,0.06562591219192153,0.059890061752809
NYU,326,98,58,170,1517.3469387755101,1516.0344827586207,1460.4117647058824,6.280612244897959,6.439655172413793,5.826470588235294,5.022448979591837,5.06551724137931,5.198529411764706,0.2636798491818744,0.07972000200596481,-0.2770459259443275,-0.11985054031229082,0.17500007512506038,0.036436430860987266,{0.49091113464950376},{0.06065169544516163},{0.07203292122576657},{0.147919864900332},{0.8511504077059051},{0.6816604805871469},{0.3881214185831508},0.5,0.2561233239191637,0.13769250899126761,0.13814608254462016,0.10537161095052829,0.11260887808872681,0.03718508169649489,0.04933451291102829,0.0502908683301518,0.04147983317893758,0.07176729938908087
UPENN,618,218,72,328,1490.7798165137615,1532.2222222222222,1506.7682926829268,6.165137614678899,6.847222222222222,6.195731707317074,4.988073394495413,5.423611111111111,5.24329268292683,0.2996698976256098,0.0387779331740037,0.08016041883840967,-0.0004896434718677828,0.13662007964770626,0.05150431159281681,{0.1604043862608993},{0.15812533353247776},{0.5609718922491655},{0.7361261608557075},{0.08789606137546588},{0.7170695067526818},{0.053574808097364764},0.3790322580645161,0.17274121417553243,0.1733247474857304,0.15190154586034083,0.11353975202234048,0.10827371843935259,0.045500284209710265,0.05546415766357606,0.061001177810955494,0.05974569815052536,0.058507704181936064
UMICH,451,171,137,143,1513.5672514619882,1520.7299270072992,1484.1958041958042,6.232748538011696,6.235036496350365,5.835664335664336,5.556725146198831,5.144525547445255,4.933566433566433,0.22359112413086232,-0.02748288259087246,-0.14345221199091931,-0.09265695477607779,0.12690516492824575,-0.12292815515275088,{0.016847911549311485},{0.482518680276005},{0.35497185992638014},{0.563083271171865},{0.46293103199819285},{0.002952723959280514},{0.5962775161492992},0.42857142857142855,0.17776080908344583,0.1607673049030547,0.1562816187705283,0.12721344789236835,0.10708663259892366,0.0436250774475452,0.05550418258231697,0.06647047314639837,0.060580274871757184,0.04471017870366157
EMORY,196,66,52,78,1499.5454545454545,1510.0,1485.128205128205,5.916666666666667,6.0576923076923075,5.455128205128205,5.489393939393939,5.05576923076923,5.293589743589743,0.21718862552740165,0.1864234426809185,-0.0815712922679047,-0.1024309478930412,0.2082363306362706,-0.04013249094443283,{0.06400308877895894},{0.06279085887055401},{0.7640215773146598},{0.08022485710339737},{0.03802606688149981},{0.05114973417535227},{0.7672351402258968},0.4,0.15711689891353664,0.14398408206988342,0.1359460243168433,0.12003282057206441,0.1274496301678381,0.0440485986460505,0.07191345190943725,0.05869966128364012,0.08641477205642716,0.054394060064279104
CASE WESTERN,165,93,35,37,1508.3870967741937,1505.7142857142858,1498.918918918919,5.833333333333333,5.128571428571429,5.364864864864865,4.981720430107527,4.825714285714286,4.429729729729729,0.1318763639109459,0.07549091515232753,-0.05603014463744608,-0.11527754292539931,0.00759014822446177,-0.10780308792471893,{0.1004346384496467},{0.5010380419644394},{0.6269779262749579},{0.7976532247725464},{0.7491159123719423},{0.39851212185922963},{0.9842880090050877},0.5757575757575758,0.18343040547550463,0.14041462042512268,0.15611180655846682,0.1469705973446898,0.09727769431957231,0.05289688337510201,0.05989220317909937,0.05462677940481766,0.05857167615949417,0.04980733375813054
USC,301,128,7,166,1502.03125,1532.857142857143,1489.7590361445782,6.1015625,5.642857142857143,6.0680722891566266,5.4039062499999995,4.457142857142857,4.951204819277108,0.33759547460001965,0.06524808652216117,-0.06667734126085818,-0.008335882743872466,0.2125959726906083,-0.10860537824920696,{0.9715019790384444},{0.7796383267315001},{0.23355203385365214},{0.16839539376962703},{0.7141202485428595},{0.74804378648738},{0.8221331770919345},0.5245901639344263,0.17527201148172317,0.15718590777656727,0.136868279087018,0.12894929523543153,0.11924892130867612,0.04617991430484227,0.05242920750283685,0.0637982458471686,0.06922792430173595,0.050840293154000286
UCSB,187,101,25,61,1491.2871287128712,1516.0,1482.295081967213,6.03960396039604,6.2,5.483606557377049,4.863366336633664,4.796,5.11311475409836,0.31705096054274773,0.05607353504746525,-0.03169997104553405,-0.11963002010824852,0.16729354828890125,0.051224218950627676,{0.0018414448461657636},{0.4457894139849431},{0.5883744145043452},{0.12377921061751353},{0.26788706565999576},{0.30994219462043254},{0.3652370421502042},0.3684210526315789,0.18461229076260074,0.1281656523750479,0.10542291834623808,0.14901002357454624,0.09713334561535608,0.0817348456724607,0.061973465885645965,0.07379269446872604,0.055193499414552864,0.06296126388482526
UCD,200,122,46,32,1487.8688524590164,1503.9130434782608,1473.125,5.831967213114754,5.6521739130434785,5.84375,5.113934426229509,4.8293478260869565,5.065625,0.3593252313463621,-0.1280635901469662,-0.024100541616826524,-0.011352524908561628,0.20627067614133626,-0.025132778785872577,{0.30474241123884327},{0.19227253821355916},{0.13729471142720878},{0.4451470667726517},{0.34040221701008616},{0.35534622565276386},{0.316226487617536},0.525,0.19233430295111692,0.16268496482771927,0.1044065952993293,0.1334222987870215,0.10556606399820712,0.06366934587078382,0.058510408958074106,0.07259944300635243,0.05704356753149322,0.04976300876990216
UCSC,113,84,16,13,1498.5714285714287,1471.875,1433.076923076923,6.160714285714286,4.78125,5.884615384615385,5.048809523809524,4.0,4.038461538461538,0.21166978005573328,0.09091825961313796,-0.22276792718250388,-0.14449380977455611,0.3251958937687078,-0.2003981677581079,{0.3220332765213141},{0.8121730563996542},{0.11345953540650294},{0.7078329011691133},{0.6281185301280864},{0.14850362573444784},{0.6412960985516896},0.8260869565217391,0.21197554094508458,0.1492665430115667,0.08856285815933748,0.1592471694163558,0.10480428481070675,0.05792610272366663,0.07534591538062173,0.057584788856793766,0.04938432044967053,0.0459024762461961
UCR,69,59,3,7,1474.5762711864406,1556.6666666666667,1465.7142857142858,5.923728813559322,5.333333333333333,5.142857142857143,5.123728813559322,2.566666666666667,5.314285714285715,0.42018459031646627,0.04500366484336177,0.015245499346856484,-0.12660553547333006,0.256665290918113,-0.03703141579281971,{0.05952478129940644},{0.9357995861969367},{0.274908706207653},{0.6325307475627686},{0.9657035630942922},{0.9479790348299789},{0.9995808312723571},0.9285714285714286,0.18222812903677715,0.13517836867054683,0.1598612967236691,0.1924708862766917,0.08233982168325502,0.09360988582956936,0.025936507364643816,0.07581199220221697,0.02772330970030472,0.024839802512325336
UIUC,301,160,29,112,1518.75,1521.3793103448277,1510.5357142857142,6.304375,5.975862068965518,5.995535714285714,5.4346875,5.43448275862069,4.671428571428572,0.2576549326354407,-0.10711259943149365,-0.05199926892188942,-0.07969367205214004,0.16230213600003168,-0.1640590083130847,{0.021323002222353893},{0.7878045212894728},{0.009604904089708027},{0.62028859275351},{0.8701694424804716},{0.12035476504591582},{0.9670524418858202},0.4918032786885246,0.19079471869194858,0.1653750608676509,0.16462786223080988,0.1300207283097302,0.0784462814158815,0.04762557450450308,0.055523369872809425,0.059964734333852354,0.05999770858728715,0.0476239611855269
BOSTON UNIVERSITY,190,72,52,66,1495.4166666666667,1484.423076923077,1464.8484848484848,5.902777777777778,5.8076923076923075,5.401515151515151,5.038888888888888,5.4326923076923075,5.328787878787878,0.2540319395548657,0.10958670123683528,-0.14621439996762092,-0.11411673055192254,0.15865427404102708,0.06174930705547827,{0.7502201509843633},{0.009455988695321936},{0.3593536378386889},{0.8994174137843944},{0.050935702302290574},{0.2868996098993753},{0.06695367766405637},0.42105263157894735,0.16950559982070718,0.12065486723529134,0.12916208797882958,0.11950791126728204,0.1406374269230607,0.05392272175172475,0.06183585306808236,0.04670364964076693,0.07370537723690532,0.08436450507734981
BOSTON COLLEGE,106,39,36,31,1506.4102564102564,1466.6666666666667,1467.4193548387098,5.884615384615385,5.638888888888889,5.629032258064516,5.610256410256411,5.027777777777777,5.003225806451613,0.2580744074162575,0.19693157115619078,-0.19105264014604817,-0.060991236646562516,0.03255726200709663,-0.11944419209148044,{0.14631673647322024},{0.8427521822221311},{0.177520455547426},{0.7134498292446063},{0.5149506761802831},{0.10944714929639139},{0.028684452547034927},0.5909090909090909,0.17186759791698378,0.12064816231321851,0.14885076708025363,0.1258569330861594,0.1371007528552761,0.0462936788604629,0.09071466251630855,0.05121855168307112,0.05700930837821886,0.05043958531004713
WASHU,206,55,46,105,1515.4545454545455,1525.0,1508.857142857143,6.609090909090909,6.206521739130435,6.014285714285714,5.1072727272727265,4.995652173913044,5.014285714285715,0.24537580029728545,-0.013179917199295258,-0.05920442169055513,-0.15478163082061,0.10622013288237622,-0.01504023343562366,{0.7022166378157051},{0.014290221341825244},{0.3313448922121009},{0.49146288350142897},{0.2844286366747223},{0.6976917869337693},{0.40958891186072677},0.5238095238095238,0.16306870057522574,0.167960462856696,0.1401685457007679,0.12428853939234447,0.1222075151445551,0.04339539900804243,0.059716010489693,0.06972570752483055,0.05076267938966498,0.05870643991817994
UT-AUSTIN,172,74,4,94,1495.2702702702702,1512.5,1494.2553191489362,6.0675675675675675,7.0,6.042553191489362,5.213513513513513,4.6,5.409574468085107,0.29964498779484205,0.03742942284750658,-0.005902270649515595,-0.007660780305301989,0.07012784362766947,0.044187572808381446,{0.0006619162063871339},{0.46322159855234435},{0.00040478762754243836},{0.1274584873370422},{0.0016292897002506358},{0.007090798042559361},{0.000828873461842133},0.6,0.17682704660756068,0.14756668930443181,0.16320226182896164,0.12003017389796605,0.0984519657944471,0.03701289932393305,0.07417879760819322,0.07726580921127936,0.05944280998184094,0.046021546441386244
UT-DALLAS,30,28,0,2,1510.357142857143,,1385.0,6.482142857142857,,4.5,5.2749999999999995,,3.85,0.14041771671868894,0.11761513852035492,-0.48388437531082834,-0.3331576208408068,0.5084055860359945,-0.16400217442234988,{0.7230404812628726},{0.14716383467707222},{0.8120281163712236},{0.537782674120448},{0.7832049228270577},{0.16255395823358015},{0.0616432733373023},1.0,0.29557795683114874,0.19261172832558154,0.06343822181429569,0.23738155282923368,0.03692027316827241,0.013685135608247544,0.030338744563820973,0.015660521866849512,0.03757846848105733,0.07680739651149263
FORDHAM,121,96,7,18,1465.8333333333333,1398.5714285714287,1466.6666666666667,5.651041666666667,6.357142857142857,5.416666666666667,5.3687499999999995,6.028571428571429,4.711111111111111,0.28145186816666706,0.024830732714410088,-0.03177772599589658,-0.02121230791897348,0.24470058401305803,-0.08283785909929779,{0.44750811094440446},{0.6608340603961655},{0.00026963455642859725},{0.870255277886952},{0.9008714852923833},{0.9344720905458512},{0.9996983118044739},0.92,0.1740972737212798,0.1416783136072279,0.23390047536435318,0.15112155692076476,0.09119786582042191,0.037495126875091024,0.034509284512708495,0.0530926635354663,0.04307100141940258,0.039836438223284046
RUTGERS,84,78,1,5,1486.6666666666667,1450.0,1518.0,5.6923076923076925,1.0,5.1,5.115384615384615,6.2,4.58,0.26934575833432983,0.03926014531938329,0.07892542340358646,-0.12003837268409435,0.17945781252398893,-0.050331382520581995,{0.9301134717176817},{0.005496654850360291},{7.32341558003077e-09},{0.24946804702766465},{0.15486660642961778},{0.4695178927904311},{0.6267823110117297},0.9411764705882353,0.08919276430918122,0.08434523434958903,0.12856156648592298,0.25123402950795337,0.12584391755496216,0.02019650017904776,0.088377754248236,0.11514462896172842,0.07060690593199437,0.026496698471384823
San Jose State University,56,45,0,11,1519.3333333333333,,1440.909090909091,6.1,,5.863636363636363,5.017777777777777,,5.490909090909091,0.34881651602808283,0.020658033649536306,-0.3753197627953763,-0.055410641857887744,0.11388453655728442,0.09419852580287214,{0.021468142536880702},{0.46918523359704467},{0.7902701241127743},{0.27113545736920536},{0.5783999856060904},{0.8856223995832663},{0.8824675923183887},0.75,0.30403867557879133,0.18689812758022914,0.034615597149178993,0.1286321449352437,0.069533490529323,0.09768046076516025,0.0665265653169259,0.05462936572099144,0.03883862947434687,0.018606942949809364
VIRGINIA TECH,76,44,17,15,1468.409090909091,1447.0588235294117,1444.6666666666667,5.693181818181818,5.088235294117647,4.366666666666666,5.425,5.5058823529411764,4.753333333333333,0.2071117846587115,0.00023014335651215786,-0.10199179737281672,-0.21304719946832923,-0.01779778490964712,-0.10347984323935266,{0.8236627111541064},{0.035371003367184586},{0.21195863496828407},{0.8589653731748362},{0.0800087166238275},{0.18384436572768983},{0.17595548971879998},0.4375,0.173086411753118,0.1393224080607557,0.1177998997558777,0.1838716734965814,0.10333988339726753,0.0317008792649172,0.052738913980142674,0.02973686737522373,0.07817477962235263,0.09022828329376344
NORTHEASTERN,434,167,113,154,1503.5329341317365,1499.7345132743362,1472.987012987013,5.772455089820359,6.128318584070796,5.60064935064935,5.299401197604791,4.905309734513274,5.175974025974027,0.1658616955969967,0.08998462462950296,-0.15227448535308016,-0.038295038297064904,0.09341816063200968,-0.02597287596942241,{0.6700221244139484},{0.7278566975993448},{0.4607204172464878},{0.03249052653281924},{0.6257896189597105},{0.08651266467889551},{0.6931625831342764},0.42528735632183906,0.17807043645403745,0.16365495869949226,0.14477953740191996,0.12485190886018253,0.10414888831873742,0.04760832802506406,0.060750291281883306,0.057972261105013814,0.0625886688285116,0.055574721025157564
COLGATE,50,18,9,23,1483.888888888889,1466.6666666666667,1487.391304347826,4.944444444444445,5.166666666666667,6.586956521739131,4.722222222222223,5.377777777777778,5.395652173913043,0.10862244255564776,-0.2571482378446325,0.026372925737641478,0.341329524747615,0.07817982135702059,0.13291149154771417,{0.6541026455393184},{0.8666560180231921},{0.039804944120201004},{0.6605610105966309},{0.009714939594649991},{0.5650297001991441},{0.555139634846189},0.5,0.14471389980594504,0.18036545169030996,0.14582322791116284,0.14334974527960895,0.08017198162896824,0.03699678533878016,0.04998268562464364,0.05429272744327538,0.12212896838707048,0.04217452689023524
UW MADISON,76,54,6,16,1517.962962962963,1503.3333333333333,1443.75,5.912962962962963,5.25,4.90625,4.687037037037037,4.166666666666667,5.44375,0.04955485751343719,-0.23727331420202036,-0.39736624260860154,-0.21910054863140213,0.16593823630105228,0.11566966169831389,{0.5552593843207867},{0.6326081622710324},{0.10603573645408548},{0.431238464873721},{0.8475752890686223},{0.39809438889850374},{0.4638502389300476},0.875,0.2489870733858272,0.11102101947742188,0.09274235454271353,0.20917426130043132,0.10623551752247304,0.0548115560061528,0.05673886908892386,0.0592498192860131,0.02838414923831891,0.03265538015172425
TUFTS,191,48,26,117,1498.125,1521.1538461538462,1495.8974358974358,6.145833333333333,5.5576923076923075,5.884615384615385,4.879166666666666,5.342307692307693,5.329914529914529,0.03409485677467749,0.0525319716497028,-0.031839659737132216,-0.05230337222412248,0.0864069153334827,0.08768624540245684,{0.6757363211789468},{0.08994010949193837},{0.5459696113299108},{0.005842324122519106},{0.9156675391145735},{0.20711062848510028},{0.6830398921974707},0.5897435897435898,0.18291816733340727,0.13712193734441372,0.15090775924322908,0.09695547168077409,0.10500342419785987,0.05005558352205346,0.07832074255140671,0.08136474379105245,0.058737884566146314,0.058614285769657
TULANE,68,17,24,27,1452.3529411764705,1508.3333333333333,1425.1851851851852,6.5,5.520833333333333,5.944444444444445,4.611764705882353,5.441666666666667,4.803703703703703,0.23967774652875196,0.03978934134798682,-0.15484791836274595,-0.1096778205026497,0.06374500250466897,0.010927831836439039,{0.4531489536538207},{0.45838962835623354},{0.416243091230361},{0.19695822899931256},{0.14185594476523802},{0.5940285499866158},{0.6088725778002402},0.21428571428571427,0.21431305397713624,0.19280817765586022,0.14473034897660542,0.09486838495723952,0.11077248249430599,0.04194392502618637,0.0608946614455258,0.04988370439557752,0.04457414348533966,0.04521111758622306
HARVEY MUDD,56,13,13,30,1502.3076923076924,1558.4615384615386,1529.3333333333333,6.730769230769231,6.230769230769231,6.0,4.2,6.007692307692308,4.543333333333334,-0.12138234222790883,0.0080987341290651,0.15082955590547506,-0.16362795340152472,0.24900397104258826,0.00036750244354507807,{0.20762323752155076},{0.03986041886023408},{0.09509824444222863},{0.3498908258049346},{0.7887721997064358},{0.33924554032839416},{0.13279509257504765},0.4166666666666667,0.1645160220976331,0.1816046507682719,0.10868842970382811,0.1692672441493147,0.07014972338751595,0.0752512807861237,0.040701759999058104,0.07217502037015351,0.04035277243602296,0.07729309630207797
UCHICAGO,226,38,77,111,1498.421052631579,1535.5844155844156,1504.054054054054,6.578947368421052,6.240259740259741,6.153153153153153,5.56842105263158,5.377922077922078,5.568468468468469,0.26840376010464817,0.10872250652056385,-0.03794902107867075,-0.07352323067783521,0.16289247806716592,0.013372871508579735,{0.38782354714934414},{0.08119722236822591},{0.658523881983436},{0.11079115232816919},{0.825376469736062},{0.04818973905698501},{0.7696984247020983},0.4782608695652174,0.16442233045738383,0.15764003758813677,0.16410422049386084,0.10276511415931901,0.1117532392316125,0.049386165746221074,0.06560965443985889,0.0580713036262403,0.057662239599091225,0.06858569465827563
UNC CHAPEL HILL,101,56,11,34,1516.7857142857142,1464.5454545454545,1480.0,6.4375,5.954545454545454,5.0588235294117645,5.375,5.427272727272728,5.370588235294116,0.1820439351292209,0.03483661952890407,-0.2103943884591933,-0.3061078147722891,0.08651663667583355,-0.0002955775671595515,{0.8518110949285609},{0.228236526024426},{0.009845770262415062},{0.7804090291956943},{0.48281461259649006},{0.46209932132791387},{0.2965389013492065},0.6666666666666666,0.15533279534093178,0.15292575542531245,0.1602355426577407,0.14769655559573558,0.12256547598601916,0.0397475238073754,0.06964420052055373,0.046357954115106105,0.043940354663058734,0.06155384188816635
UVA,285,136,57,92,1483.9705882352941,1491.9298245614036,1481.0869565217392,5.801470588235294,5.56140350877193,5.75,5.523529411764706,5.7333333333333325,4.815217391304349,0.2843428217553064,-0.0017892130138770163,-0.009751540326814682,-0.01515387204786748,-0.02802398198151596,-0.13740352440914702,{0.5967366030500114},{0.0314713211901781},{0.13653503346260387},{0.9287592030393496},{0.011655776752070834},{0.5876673815007023},{0.2263209803976586},0.38596491228070173,0.16817473764836346,0.17054698443329902,0.1557028177439467,0.11453208068546177,0.1149759174916535,0.0471420784533858,0.05660223059581059,0.05089688275394172,0.06985055315130814,0.051575717042829455
CLAREMONT MCKENNA,32,6,9,17,1436.6666666666667,1495.5555555555557,1479.4117647058824,5.583333333333333,4.944444444444445,5.205882352941177,4.916666666666667,4.977777777777778,4.958823529411765,0.15056750209724198,-0.027073964076391604,0.13727771002906566,-0.05596783150489074,0.1646059075821956,0.0051332354562679035,{0.2735409782701583},{0.028286368762763105},{0.4180359362280223},{0.6219165338940507},{0.8526241226365905},{0.4768399018028423},{0.16064044857113557},0.7142857142857143,0.13301190384768743,0.13104920941757692,0.13643603033180893,0.0879449648206259,0.15412991082788602,0.027642707033042245,0.0828396678446571,0.04311534809330396,0.07392925174340642,0.12990100604000493
ARIZONA STATE,112,99,1,12,1482.020202020202,1250.0,1505.8333333333333,5.348484848484849,1.0,5.333333333333333,5.188888888888889,6.5,5.2749999999999995,0.2093168354676708,-0.04406045583143986,0.04732603412220346,-0.023657515025066102,0.2733821625347645,0.019910258843113895,{0.9766179316901531},{0.9341530199071562},{0.6208219436152532},{0.9460567755732381},{0.6369005301883999},{0.8544996627688826},{0.8910640256791766},0.8695652173913043,0.2027709206974795,0.09236669237951807,0.19181491719626328,0.17147477318066784,0.10519246643190579,0.032823332171497965,0.06428907951118164,0.03831106114717436,0.05430494276057532,0.0466518145237362
TAMU,61,55,1,5,1505.090909090909,1510.0,1480.0,5.958181818181818,6.5,6.1,5.238181818181817,6.2,3.7600000000000002,0.17934550883806943,-0.02032763122518522,-0.09425334872749652,0.027027155036921748,0.22961780959245068,-0.17574334011923357,{0.5828256932205562},{0.861346547429588},{5.072417612555558e-06},{0.6145700908563816},{0.018414199821786013},{0.9794959188201996},{0.0071488400459272985},0.8461538461538461,0.19067222585758875,0.08482888393718697,0.20135243909625858,0.09149004700268716,0.17564406755332856,0.019011076888879375,0.07308520622662035,0.038753650646156844,0.08011207940461677,0.04505032338667664
UCI,295,126,85,84,1502.857142857143,1513.0588235294117,1465.595238095238,6.115079365079365,5.970588235294118,5.845238095238095,4.891269841269842,4.670000000000001,5.029761904761905,0.3538648992504315,0.10059611198729813,-0.14931075045773445,-0.06236288663665794,0.19382093760535826,0.02021133965820987,{0.8105201782490551},{0.49755211124668663},{0.29372137758691},{0.778376480992051},{0.41513388880760904},{0.5249467904497893},{0.7271286153187517},0.2711864406779661,0.20313561035063868,0.15469965664235788,0.11738593495038571,0.15128319371659169,0.11494165174249325,0.043857492780905914,0.04732596912459085,0.05473214384272116,0.05886342927551698,0.05377491757379772
UCM,23,20,1,2,1520.5,1580.0,1195.0,6.05,6.5,3.0,5.48,4.2,5.35,0.4413983066447857,-0.021479021148011337,-0.6835738135332029,-0.3520686280650025,-0.03214934447654198,-0.056634467521950047,{0.2564469820663367},{0.7230274733853895},{0.1875103211556064},{0.5370242119799458},{0.9925510495147312},{0.2732140058239931},{0.2698080715369154},1.0,0.30772340090301936,0.0866763084419569,0.10158753518128898,0.08735738527355928,0.11356280899403959,0.02391655564910106,0.09033625054642642,0.16184996769603424,0.011943137565134173,0.015046649749440054
